<?xml version="1.0" encoding="UTF-8"?>
<databaseChangeLog
        xmlns="http://www.liquibase.org/xml/ns/dbchangelog"
        xmlns:xsi="http://www.w3.org/2001/XMLSchema-instance"
        xsi:schemaLocation="http://www.liquibase.org/xml/ns/dbchangelog
        http://www.liquibase.org/xml/ns/dbchangelog/dbchangelog-latest.xsd">

    <changeSet id="encube-schema-1" author="encube">
        <createTable tableName="event_outbox">
            <column name="id" type="uuid">
                <constraints primaryKey="true" />
            </column>
            <column name="aggregatetype" type="varchar(255)">
                <constraints nullable="false" />
            </column>
            <column name="aggregateid" type="varchar(255)">
                <constraints nullable="false" />
            </column>
            <column name="type" type="varchar(255)">
                <constraints nullable="false" />
            </column>
            <column name="protobuf_type_name" type="varchar(255)">
                <constraints nullable="false" />
            </column>
            <column name="payload" type="bytea">
                <constraints nullable="false" />
            </column>
        </createTable>

        <createTable tableName="canvas">
            <column name="id" type="serial">
                <constraints primaryKey="true" />
            </column>
            <column name="name" type="varchar(255)">
                <constraints nullable="false" />
            </column>
        </createTable>

        <sql>
            create type file_state as enum ('PENDING', 'UPLOADED', 'FAILED', 'DELETED');
        </sql>
        <createTable tableName="file_descriptor">
            <column name="id" type="serial">
                <constraints primaryKey="true" />
            </column>
            <column name="file_name" type="varchar">
                <constraints nullable="false" />
            </column>
            <column name="content_type" type="varchar">
                <constraints nullable="false" />
            </column>
            <column name="state" type="file_state">
                <constraints nullable="false" />
            </column>
            <column name="version" type="integer">
                <constraints nullable="false" />
            </column>
        </createTable>

        <createTable tableName="file_attribute">
            <column name="id" type="serial">
                <constraints primaryKey="true" />
            </column>
            <column name="file_id" type="integer">
                <constraints nullable="false" />
            </column>
            <column name="name" type="varchar(255)">
                <constraints nullable="false" />
            </column>
            <column name="value" type="varchar">
                <constraints nullable="false" />
            </column>
        </createTable>

        <createTable tableName="web_socket_connection">
            <column name="id" type="serial">
                <constraints primaryKey="true" />
            </column>
            <column name="session_id" type="varchar(255)">
                <constraints nullable="false" />
            </column>
            <column name="user_name" type="varchar(255)">
                <constraints nullable="false" />
            </column>
            <column name="host" type="varchar(255)">
                <constraints nullable="false" />
            </column>
        </createTable>

        <createTable tableName="canvas_subscription">
            <column name="id" type="serial">
                <constraints primaryKey="true" />
            </column>
            <column name="canvas_id" type="integer">
                <constraints nullable="false" />
            </column>
            <column name="websocket_connection_id" type="integer">
                <constraints nullable="false" />
            </column>
        </createTable>
    </changeSet>

</databaseChangeLog>